x_diff[mm],y_diff[mm],z_diff[mm]
0.57563251651,3.92144915307,0.876320540696
-0.242035981747,4.27585656947,0.321796482066
-1.90036500899,3.98107570257,0.380654717408
-0.59086823556,3.60779294252,1.47681870488
1.05178358442,3.93621972815,1.92234757163
-0.681550848123,3.14943852606,1.4196893228
0.59240778125,1.91864907461,2.11821601502
-0.280458881699,1.00022321633,2.71985756893
1.68640034329,0.916680812218,3.12239199382
