x_diff[mm],y_diff[mm],z_diff[mm]
-2.76934145122,-0.357921415995,-1.09341944745
-2.27924860053,-1.17847156691,-1.4020966371
-2.90763683737,-1.77408885434,-1.38457463181
-0.414862501657,-0.884802602983,-1.51003941884
-1.16492525325,-1.62445841591,-1.01870236204
-9.38723237434,-3.03196255354,-3.57021568804
-9.0589353942,-2.90987059682,-3.43700131494
-9.61609516586,-3.58353768524,-3.57753776759
