x_diff[mm],y_diff[mm],z_diff[mm]
3.53457148383,-1.83647785403,1.46844289692
4.08498078945,-0.0207088936083,2.21599171753
3.68296109579,-0.566174731341,1.39190453279
3.82999703005,0.37108484946,1.4295840912
3.77534883615,-0.971259052533,2.22484143978
11.2843384701,-2.48713356509,7.41518063954
25.383248014,-8.70721853856,18.5018110163
40.1918873669,-11.9306753683,30.0278144512
62.5271550367,-15.5977249033,41.2846786678
